../images//4041550121_de45068f4c_o.jpg :	0.13s
../images//362474030_45bb17011a_o.jpg :	0.116s
../images//362474035_488c45662a_o.jpg :	0.104s
../images//675307090_6a2561eff6_o.jpg :	0.091s
../images//480352423_e24c281b20_o.jpg :	0.153s
../images//1932713148_ebef8c4f7f_o.jpg :	0.102s
../images//480352345_8982da2bd5_o.jpg :	0.15s
../images//2087059107_dd066265db_o.jpg :	0.127s
../images//1932724549_2adc67c724_o.jpg :	0.134s
../images//396501983_1bf3aaa017_o.jpg :	0.148s
../images//416256340_7f02a99e69_o.jpg :	0.153s
../images//2010323529_997c9d2e16_o.jpg :	0.139s
../images//416256375_38a6f8b1d3_o.jpg :	0.165s
../images//1485580142_e73e88fcde_o.jpg :	0.165s
../images//3551987843_e688227752_o.jpg :	0.184s
../images//2010619603_9c4301cec6_o.jpg :	0.114s
../images//3832113164_d988d23b52_o.jpg :	0.154s
../images//2011124680_fd922eb99a_o.jpg :	0.15s
../images//396501797_22c9b345cd_o.jpg :	0.148s
../images//37334048_e5361375e0_o.jpg :	0.176s
../images//396501843_e2f123d1d1_o.jpg :	0.159s
../images//396501912_4a4cad0179_o.jpg :	0.15s
../images//480339930_63abe63138_o.jpg :	0.16s
../images//2728588337_046073eab8_o.jpg :	0.14s
../images//965589962_e77dd8b58c_o.jpg :	0.148s
../images//480352391_b7d00056dc_o.jpg :	0.157s
../images//477428614_ee60180432_o.jpg :	0.155s
../images//396501832_7fc2c8d471_o.jpg :	0.154s
../images//480339890_a5988a2851_o.jpg :	0.15s
../images//2248570622_ce704e13e5_o.jpg :	0.137s
../images//480352481_2892812c16_o.jpg :	0.152s
../images//3735341323_a2ff1c9b41_o.jpg :	0.153s
../images//396501943_5c003ec92f_o.jpg :	0.146s
../images//3015750783_290ca8e74c_o.jpg :	0.172s
../images//2729168814_f284ae4a1f_o.jpg :	0.128s
../images//3950057312_c1147271c7_o.jpg :	0.217s
../images//2729416924_458c445105_o.jpg :	0.156s
../images//2790936716_e06937aab7_o.jpg :	0.158s
../images//1480415192_7d00564a09_o.jpg :	0.151s
../images//318648361_a77e71c938_o.jpg :	0.107s
../images//396501819_1a65d4bf22_o.jpg :	0.168s
../images//396501862_6076222a6c_o.jpg :	0.178s
../images//396501784_4eed48589d_o.jpg :	0.152s
../images//396501881_b540d19861_o.jpg :	0.157s
../images//1434146207_760c461c55_o.jpg :	0.117s
../images//2193916206_5573f9e99f_o.jpg :	0.224s
../images//320760883_40c2b08b0a_o.jpg :	0.109s
../images//3174445650_e0602582d3_o.jpg :	0.16s
../images//3735341137_028d91f6a9_o.jpg :	0.153s
../images//2193916108_849cdc6c59_o.jpg :	0.233s
../images//416414961_98f4a091ba_o.jpg :	0.182s
../images//3209399045_40e6b03919_o.jpg :	0.17s
../images//2437952403_8ecc7cb6f4_o.jpg :	0.139s
../images//421101502_cd2064bc60_o.jpg :	0.186s
../images//396501966_1d36e8ba93_o.jpg :	0.17s
../images//3015750637_b858c0bfba_o.jpg :	0.203s
../images//1484724569_38b4aa582c_o.jpg :	0.187s
../images//831759017_c3befe6324_o.jpg :	0.148s
../images//273407334_c8c38b1cc6_o.jpg :	0.153s
../images//228484885_eee6ba8366_o.jpg :	0.274s
../images//2723384464_f6d836dac3_o.jpg :	0.186s
../images//2089571654_31ea5eba76_o.jpg :	0.24s
../images//3829103835_2a15e14075_o.jpg :	0.162s
../images//228484960_6790941a4c_o.jpg :	0.259s
../images//441530082_f39e466401_o.jpg :	0.242s
../images//3174421142_df0a674640_o.jpg :	0.203s
../images//1431691173_ca2d0058bd_o.jpg :	0.152s
../images//3523650654_76902e627c_o.jpg :	0.16s
../images//3829103985_76fdbf952b_o.jpg :	0.157s
../images//2248571258_5cfe41c339_o.jpg :	0.171s
../images//2044379662_94a532dcec_o.jpg :	0.202s
../images//1484724839_968ddb7c41_o.jpg :	0.204s
../images//2279215387_a6c4778b64_o.jpg :	0.165s
../images//3832323761_55f920164e_o.jpg :	0.142s
../images//2248571200_e29aaa30fc_o.jpg :	0.179s
../images//274143543_f57ee62643_o.jpg :	0.144s
../images//2057875771_d1ab9d2ae0_o.jpg :	0.243s
../images//2470765635_62297f8962_o.jpg :	0.144s
../images//1799709389_66dbd64b60_o.jpg :	0.191s
../images//2151214563_bfd350350e_o.jpg :	0.159s
../images//2992890630_57a43c5032_o.jpg :	0.194s
../images//2279215189_13b3cdbc97_o.jpg :	0.189s
../images//2358931243_a15b6602a2_o.jpg :	0.275s
../images//2013257114_9040b9dc67_o.jpg :	0.145s
../images//425892717_c29c5bd534_o.jpg :	0.257s
../images//1484724215_3f593a1ae9_o.jpg :	0.192s
../images//462543616_b0fa15c98f_o.jpg :	0.111s
../images//3174445644_0766d2fac8_o.jpg :	0.167s
../images//2280004962_ae584b923f_o.jpg :	0.177s
../images//3832323823_606afc2ea2_o.jpg :	0.145s
../images//3833117940_83e98867e6_o.jpg :	0.165s
../images//1800549896_b28ce1ae64_o.jpg :	0.186s
../images//3832324561_6d708e59d8_o.jpg :	0.149s
../images//3832324637_4836f6e424_o.jpg :	0.148s
../images//3832323879_a826199cf4_o.jpg :	0.169s
../images//3833117868_d714c6e0c1_o.jpg :	0.147s
../images//3832324721_d6f3b1200f_o.jpg :	0.184s
../images//2494583103_4d02b3e745_o.jpg :	0.221s
../images//3177721240_5de2eee745_o.jpg :	0.155s
../images//1799708337_cb616e167e_o.jpg :	0.188s
../images//2151214975_70d48e315c_o.jpg :	0.211s
../images//274143903_ca05b8db6d_o.jpg :	0.16s
../images//2942349715_289dfce78a_o.jpg :	0.135s
../images//2943298637_3b6234a5be_o.jpg :	0.225s
../images//423342730_e4b7c5d77d_o.jpg :	0.208s
../images//3833117336_3b90d78f72_o.jpg :	0.174s
../images//3832323985_d501c23052_o.jpg :	0.147s
../images//3174421168_c63e2c4d2e_o.jpg :	0.195s
../images//276612202_3f0f1ff0a9_o.jpg :	0.224s
../images//2509023613_5340a66dcb_o.jpg :	0.154s
../images//3829901964_242b03c3b1_o.jpg :	0.152s
../images//425892783_f383ab1acd_o.jpg :	0.209s
../images//423341830_76ee250b6c_o.jpg :	0.274s
../images//832626808_abe2e657d2_o.jpg :	0.178s
../images//3832324069_08016e7aba_o.jpg :	0.161s
../images//2495403110_217693fa54_o.jpg :	0.23s
../images//38499945_65beac6adf_o.jpg :	0.207s
../images//2967979872_9a440d3b6b_o.jpg :	0.199s
../images//425892835_47a520afd9_o.jpg :	0.236s
../images//421464664_020ee8160c_o.jpg :	0.245s
../images//3455503777_5d581b2b17_o.jpg :	0.2s
../images//3832324219_b8cd01c386_o.jpg :	0.185s
../images//274143805_8158f31703_o.jpg :	0.149s
../images//451254701_202f3a69d1_o.jpg :	0.265s
../images//2747023822_92be6369ec_o.jpg :	0.23s
../images//2096025606_7455c2b0de_o.jpg :	0.207s
../images//202754871_da0b95fd68_o.jpg :	0.187s
../images//274143694_fcb7790afe_o.jpg :	0.167s
../images//3206664250_3e79030f74_o.jpg :	0.178s
../images//1795686242_ca2d476747_o.jpg :	0.156s
../images//3832324489_93445596b7_o.jpg :	0.163s
../images//393671338_42e34098aa_o.jpg :	0.28s
../images//2509855908_a22bc5f941_o.jpg :	0.188s
../images//2144128449_09eb670d46_o.jpg :	0.191s
../images//2689754412_43dfd8455b_o.jpg :	0.246s
../images//2509855720_5a83c35524_o.jpg :	0.17s
../images//2718029924_20f59fa433_o.jpg :	0.247s
../images//3829103601_cd65a13f80_o.jpg :	0.177s
../images//2471588048_fffbdf4907_o.jpg :	0.161s
../images//2495403446_b3813cd7bf_o.jpg :	0.236s
../images//832627462_7b761bf22d_o.jpg :	0.157s
../images//2967133157_5255f27783_o.jpg :	0.205s
../images//3736139960_c616845e1e_o.jpg :	0.199s
../images//2943299057_e4e59505d2_o.jpg :	0.271s
../images//2210029741_c98d6d00c0_o.jpg :	0.275s
../images//2722561051_2cd22ef868_o.jpg :	0.267s
../images//1697556674_6ec26b197d_o.jpg :	0.168s
../images//1800550314_997e3b34c5_o.jpg :	0.225s
../images//831760443_4b95f86b37_o.jpg :	0.174s
../images//2723384890_fc771723e8_o.jpg :	0.223s
../images//2746188717_90343a745a_o.jpg :	0.229s
../images//1505083296_46a48e440f_o.jpg :	0.318s
../images//1504223281_7e78762c0d_o.jpg :	0.311s
../images//3734557_74b0af4727_o.jpg :	0.179s
../images//2723368318_1864721e12_o.jpg :	0.201s
../images//318615536_eebce0f1a2_o.jpg :	0.226s
../images//2439785554_3aaf852250_o.jpg :	0.166s
../images//1432567344_197ac9bb82_o.jpg :	0.202s
../images//1304793322_4905e41767_o.jpg :	0.27s
../images//425892649_2b2d3a6448_o.jpg :	0.253s
../images//421464239_392bed390c_o.jpg :	0.245s
../images//2722560303_5d7584b0de_o.jpg :	0.225s
../images//2722560759_9ede4eae7b_o.jpg :	0.255s
../images//275687130_d6ea53f319_o.jpg :	0.194s
../images//2409845962_faae0acde1_o.jpg :	0.181s
../images//3081443127_55b5273d4d_o.jpg :	0.244s
../images//1504222511_aaee23c712_o.jpg :	0.323s
../images//2152006448_c9afbaa172_o.jpg :	0.231s
../images//1505083640_8355a56528_o.jpg :	0.313s
../images//1504222907_2b847e1aba_o.jpg :	0.315s
../images//425900417_ff5319124a_o.jpg :	0.267s
../images//1717128092_5084f25007_o.jpg :	0.15s
../images//421468995_87d69b9202_o.jpg :	0.261s
../images//451207970_3f07c7a799_o.jpg :	0.222s
../images//3176822957_e777cc312b_o.jpg :	0.201s
../images//3735346419_d5ba62f8ee_o.jpg :	0.212s
../images//2723384736_354ed81488_o.jpg :	0.254s
../images//3180721922_b04c10b642_o.jpg :	0.272s
../images//2649411436_cae6de2e0f_o.jpg :	0.318s
../images//840855361_9b31aabdda_o.jpg :	0.399s
../images//2649412570_a81eb72768_o.jpg :	0.288s
../images//2193911964_d2d8dd1f7e_o.jpg :	0.187s
../images//2723383938_b294998cb2_o.jpg :	0.244s
../images//3829103755_6787660831_o.jpg :	0.194s
../images//3735347125_3e3f356ef7_o.jpg :	0.21s
../images//2746188319_2f324ff179_o.jpg :	0.248s
../images//3734874_0ac459a26f_o.jpg :	0.188s
../images//275687257_23595f0369_o.jpg :	0.219s
../images//2642853926_da21627e7b_o.jpg :	0.276s
../images//1804194124_621ee9e688_o.jpg :	0.262s
../images//1431693469_213b26e5f9_o.jpg :	0.2s
../images//2722561335_1923e986cf_o.jpg :	0.276s
../images//3081443587_6eea10113f_o.jpg :	0.238s
../images//3735345395_5607d3d81b_o.jpg :	0.208s
../images//1505086134_2d7c3f5b69_o.jpg :	0.343s
../images//1042374764_e1e64c0dd3_o.jpg :	0.368s
../images//2723383814_81f3fea639_o.jpg :	0.257s
../images//315008547_8b8bf5a782_o.jpg :	0.338s
../images//421469124_d2faef776d_o.jpg :	0.243s
../images//13999112_96be8f3d02_o.jpg :	0.319s
../images//1431690881_296e461753_o.jpg :	0.177s
../images//425900703_be327774e6_o.jpg :	0.264s
../images//1872732176_6f1581fde9_o.jpg :	0.135s
../images//147137732_3687fe19aa_o.jpg :	0.157s
../images//2049198277_8b6abce736_o.jpg :	0.252s
../images//3081445293_e024f5ab8d_o.jpg :	0.314s
../images//3736139074_71b80a151c_o.jpg :	0.205s
../images//999273378_59e22a0646_o.jpg :	0.312s
../images//37869304_616214de9f_o.jpg :	0.213s
../images//2110130635_2d4fe35784_o.jpg :	0.186s
../images//2049982078_a501061220_o.jpg :	0.244s
../images//451222133_3dec453d1f_o.jpg :	0.25s
../images//2746188937_b610a51b37_o.jpg :	0.239s
../images//2649408392_5d8988a58f_o.jpg :	0.294s
../images//2722560355_96fd73ea97_o.jpg :	0.231s
../images//2746187851_7ba12a550e_o.jpg :	0.25s
../images//2193912066_86cfc03d04_o.jpg :	0.21s
../images//2648584609_90d63050e0_o.jpg :	0.312s
../images//3081444575_76cee378c9_o.jpg :	0.273s
../images//2747023356_3c792744e9_o.jpg :	0.217s
../images//3765727535_b40a60d593_o.jpg :	0.272s
../images//2723384376_6032784727_o.jpg :	0.253s
../images//3615741549_a7ba04eca6_o.jpg :	0.105s
../images//421469057_e8a397ac43_o.jpg :	0.303s
../images//2723384158_8ea7a1f5c2_o.jpg :	0.265s
../images//421465007_226d1e4885_o.jpg :	0.247s
../images//13999101_a788049e5f_o.jpg :	0.303s
../images//1804194496_3a6069f074_o.jpg :	0.234s
../images//2261625106_d0eeb7f066_o.jpg :	0.173s
../images//2943400129_2aa892fb4c_o.jpg :	0.317s
../images//2944159722_50902cca63_o.jpg :	0.306s
../images//315008657_5f317c1204_o.jpg :	0.335s
../images//1974091552_55fc42d971_o.jpg :	0.168s
../images//2918711701_cd909c27c3_o.jpg :	0.234s
../images//3081445107_e23004093f_o.jpg :	0.297s
../images//3616554970_df3713f4bd_o.jpg :	0.102s
../images//2967980066_36cce1a910_o.jpg :	0.22s
../images//1756889925_c05222bd48_o.jpg :	0.282s
../images//2899055303_22cc03351a_o.jpg :	0.292s
../images//2095251379_ca22118693_o.jpg :	0.241s
../images//3082285620_ce85c74f39_o.jpg :	0.315s
../images//2152006288_63d492fc13_o.jpg :	0.258s
../images//2110449735_691dda3e24_o.jpg :	0.272s
../images//2648584259_822c67e6ef_o.jpg :	0.308s
../images//3016584354_e5cb0afe6a_o.jpg :	0.304s
../images//3736138726_ed6bff719a_o.jpg :	0.239s
../images//3736139384_8975e19315_o.jpg :	0.208s
../images//2152005908_0a415cf62e_o.jpg :	0.273s
../images//2193912174_4e881dd0c2_o.jpg :	0.187s
../images//315008616_b59527f587_o.jpg :	0.377s
../images//2943210042_6e4a36eab1_o.jpg :	0.176s
../images//315008558_c642a359c1_o.jpg :	0.28s
../images//2096026076_dfbe631a35_o.jpg :	0.216s
../images//3914560457_d76c8857a9_o.jpg :	0.135s
../images//1504225531_a04ba912f9_o.jpg :	0.391s
../images//1505086604_5df375f32f_o.jpg :	0.37s
../images//2794228978_607f13b328_o.jpg :	0.195s
../images//3081444349_46a7150c5f_o.jpg :	0.3s
../images//315008590_fbb656aea6_o.jpg :	0.327s
../images//2723384530_2625f06d24_o.jpg :	0.264s
../images//1804467631_aa38c38d3f_o.jpg :	0.286s
../images//2899900694_d9559b05c1_o.jpg :	0.317s
../images//3082284934_962f462b58_o.jpg :	0.281s
../images//2918712147_20f461c285_o.jpg :	0.23s
../images//2723384102_262b3f8144_o.jpg :	0.278s
../images//1505087968_45788e7e8e_o.jpg :	0.389s
../images//755082149_a31e15bef8_o.jpg :	0.315s
../images//2110130691_dd3ffc801c_o.jpg :	0.198s
../images//3780517821_8c2f5dfe81_o.jpg :	0.299s
../images//2668079107_c308a613ce_o.jpg :	0.372s
../images//2723384210_546c2a0004_o.jpg :	0.293s
../images//2261624540_e5ce790429_o.jpg :	0.173s
../images//2385269315_2d0b4bd9aa_o.jpg :	0.262s
../images//1247191460_ac2beca3ae_o.jpg :	0.217s
../images//312826682_b2d4c568bc_o.jpg :	0.344s
../images//2723384308_f90857231e_o.jpg :	0.318s
../images//1505084088_90ee5ba8e5_o.jpg :	0.419s
../images//1304220145_50d1c92c2a_o.jpg :	0.297s
../images//2722560979_45a521c337_o.jpg :	0.301s
../images//525243571_159b041a34_o.jpg :	0.336s
../images//1359194535_88ca57b537_o.jpg :	0.236s
../images//3736138452_affc87b9b7_o.jpg :	0.263s
../images//315008603_164d7e4367_o.jpg :	0.302s
../images//3736136324_94f68cfffd_o.jpg :	0.237s
../images//2668899722_31c40d3cd8_o.jpg :	0.339s
../images//2049976008_fa6bfd0471_o.jpg :	0.308s
../images//3313461809_3cbd25d3a4_o.jpg :	0.264s
../images//3206664542_e45b1ef951_o.jpg :	0.192s
../images//2465116330_b6c73c4e2b_o.jpg :	0.33s
../images//3788281388_e59cf0a145_o.jpg :	0.306s
../images//2789849572_c437481aae_o.jpg :	0.302s
../images//3538216569_d6523317d6_o.jpg :	0.21s
../images//2723383756_484cb7c234_o.jpg :	0.267s
../images//3108253220_1705849b8f_o.jpg :	0.316s
../images//1292483147_53ce2bc326_o.jpg :	0.298s
../images//1505085704_32721dc74e_o.jpg :	0.411s
../images//1041523675_e78bd8f6be_o.jpg :	0.389s
../images//2899899100_c645074a01_o.jpg :	0.353s
../images//3786756270_83ba9c97fa_o.jpg :	0.291s
../images//3456319900_a5d0402212_o.jpg :	0.252s
../images//316287694_775408f97a_o.jpg :	0.434s
../images//3032265095_c445d84641_o.jpg :	0.21s
../images//2934142474_36367d5f4d_o.jpg :	0.38s
../images//152265851_60fbd034d1_o.jpg :	0.413s
../images//3781331678_d3f7e1a105_o.jpg :	0.312s
../images//2260829871_1db03f5deb_o.jpg :	0.179s
../images//1247187116_175918bf56_o.jpg :	0.226s
../images//2668761344_9042dca651_o.jpg :	0.298s
../images//1223595697_56d824f589_o.jpg :	0.156s
../images//2386106708_ed1fc5037a_o.jpg :	0.288s
../images//3461009978_f11833f028_o.jpg :	0.378s
../images//306686487_6125e69fac_o.jpg :	0.186s
../images//465942555_42eb206136_o.jpg :	0.269s
../images//2793380907_8dfbd54af6_o.jpg :	0.191s
../images//1504225083_22c5d745e5_o.jpg :	0.388s
../images//1804467247_c937b136eb_o.jpg :	0.291s
../images//3616554976_a61623d7ff_o.jpg :	0.116s
../images//3788284002_5a24775545_o.jpg :	0.316s
../images//2793380565_7db1743543_o.jpg :	0.193s
../images//2667940575_982a7126b2_o.jpg :	0.353s
../images//1804466823_948ca6ed93_o.jpg :	0.302s
../images//413809272_5bc6ea22e1_o.jpg :	0.268s
../images//3781331938_42c89591b6_o.jpg :	0.37s
../images//3616554962_466deeb48d_o.jpg :	0.147s
../images//755940002_e8d767bade_o.jpg :	0.301s
../images//466533952_720326014b_o.jpg :	0.319s
../images//2793380237_75dc5c2f90_o.jpg :	0.181s
../images//1304874852_0e940a1841_o.jpg :	0.28s
../images//2668760072_6fea8bc672_o.jpg :	0.368s
../images//2050003742_7f9b831d51_o.jpg :	0.285s
../images//773098531_8b69b35cf9_o.jpg :	0.222s
../images//2794229954_0c9ba2b103_o.jpg :	0.17s
../images//3787473157_50b2dc140b_o.jpg :	0.306s
../images//3786759004_d9306d3a19_o.jpg :	0.291s
../images//2486435227_e9834427e2_o.jpg :	0.182s
../images//2668898842_d08e048d13_o.jpg :	0.354s
../images//3114044138_34530a4854_o.jpg :	0.177s
../images//4025646135_2d9b936147_o.jpg :	0.193s
../images//337927492_5c05613189_o.jpg :	0.282s
../images//2757265580_0d06d83368_o.jpg :	0.32s
../images//2487402602_893887590d_o.jpg :	0.191s
../images//1305088200_57a7ee031a_o.jpg :	0.275s
../images//413809114_ebcf24ec5d_o.jpg :	0.295s
../images//413809464_be8e5f7228_o.jpg :	0.299s
../images//1803348899_a12e4f9541_o.jpg :	0.338s
../images//1195083533_5dc2c32533_o.jpg :	0.349s
../images//315008672_7079204dac_o.jpg :	0.556s
../images//2722560199_513c6812b5_o.jpg :	0.288s
../images//2040551566_0a0c661c8c_o.jpg :	0.265s
../images//468716773_8f9130d203_o.jpg :	0.297s
../images//3538219395_7219f3f3a6_o.jpg :	0.235s
../images//1247806376_6cdb6d66fa_o.jpg :	0.279s
../images//1247179352_e2bdb8a31d_o.jpg :	0.31s
../images//315008578_48d84689b4_o.jpg :	0.488s
../images//55627967_56a00f2c3e_o.jpg :	0.305s
../images//2793379239_91ef14ddaf_o.jpg :	0.185s
../images//2096025918_063d913e63_o.jpg :	0.303s
../images//2261624938_a8ae169c67_o.jpg :	0.182s
../images//558754642_266025ee43_o.jpg :	0.303s
../images//2487347864_c0ca9ac196_o.jpg :	0.194s
../images//3539029604_09409b8c08_o.jpg :	0.232s
../images//3538218033_4d69f91f35_o.jpg :	0.219s
../images//2040552082_f69ad4ca4a_o.jpg :	0.325s
../images//465942567_cbd981f2cf_o.jpg :	0.315s
../images//2039758213_e84599deb2_o.jpg :	0.272s
../images//315008638_c8a02b6922_o.jpg :	0.359s
../images//1804468043_7765c386de_o.jpg :	0.299s
../images//2899899978_8077982418_o.jpg :	0.386s
../images//3538215341_90cdd7fd90_o.jpg :	0.246s
../images//1506921581_704bc5d4ce_o.jpg :	0.356s
../images//2361163914_bc659289e8_o.jpg :	0.319s
../images//1432566954_8c62429add_o.jpg :	0.328s
../images//37562367_11dbaab4c6_o.jpg :	0.316s
../images//2668898344_1821741645_o.jpg :	0.392s
../images//2487315976_33f0a1fdc6_o.jpg :	0.218s
../images//3787472709_fe5fc2f000_o.jpg :	0.397s
../images//2266371265_aea36883b5_o.jpg :	0.332s
../images//40567792_7f5f7c5c07_o.jpg :	0.305s
../images//1247804162_3613854057_o.jpg :	0.315s
../images//3281105170_53f3b0c2d5_o.jpg :	0.175s
../images//2464284433_52140c7d66_o.jpg :	0.368s
../images//468705812_0803518137_o.jpg :	0.295s
../images//248507291_491e781d36_o.jpg :	0.497s
../images//1246327021_71b73e7baf_o.jpg :	0.301s
../images//232673077_7d9c3a162d_o.jpg :	0.356s
../images//47954761_ac750201da_o.jpg :	0.274s
../images//2510369886_da41f7ab8d_o.jpg :	0.318s
../images//3787473563_5194f9a920_o.jpg :	0.298s
../images//1292583775_387241b356_o.jpg :	0.332s
../images//2694517103_173c314b92_o.jpg :	0.228s
../images//3616554968_af427b182c_o.jpg :	0.12s
../images//244403405_231c299fbb_o.jpg :	0.369s
../images//3538220049_3936b93b66_o.jpg :	0.228s
../images//2017795707_2ceff74b17_o.jpg :	0.34s
../images//1304209957_f3c1fa2a95_o.jpg :	0.348s
../images//3539030902_6e00a3f09e_o.jpg :	0.233s
../images//1779208080_23b63a8d7f_o.jpg :	0.374s
../images//1063116253_31eb5fd154_o.jpg :	0.329s
../images//3456318040_fc71863576_o.jpg :	0.281s
../images//3057828936_0a14b6daba_o.jpg :	0.292s
../images//2486463619_2a8ef5730e_o.jpg :	0.209s
../images//2933284313_e499a7959f_o.jpg :	0.355s
../images//465942551_2e985a382f_o.jpg :	0.319s
../images//2510370212_b8824f1203_o.jpg :	0.376s
../images//2018596016_d2b35fb777_o.jpg :	0.277s
../images//2668762102_2237b70ac0_o.jpg :	0.376s
../images//2505377456_96cf862130_o.jpg :	0.291s
../images//232672694_11908fd93d_o.jpg :	0.361s
../images//3836045065_071fd08f41_o.jpg :	0.333s
../images//2604311147_f777138930_o.jpg :	0.358s
../images//3763597954_d4ddfcb70a_o.jpg :	0.419s
../images//2487079756_4de5325177_o.jpg :	0.193s
../images//3781329294_781d37c7cf_o.jpg :	0.359s
../images//466534028_eee90f475c_o.jpg :	0.322s
../images//1247198682_6354020dba_o.jpg :	0.3s
../images//2794229586_be97ddc324_o.jpg :	0.215s
../images//3539032302_ca4785da99_o.jpg :	0.215s
../images//4025645325_f78256fd26_o.jpg :	0.299s
../images//3787472227_082b34d9f1_o.jpg :	0.385s
../images//2414736952_b2899474b6_o.jpg :	0.471s
../images//313746360_e95824ee4f_o.jpg :	0.332s
../images//2831033336_7e7a96866a_o.jpg :	0.291s
../images//883797877_5e76adf405_o.jpg :	0.367s
../images//232674269_daa3345178_o.jpg :	0.36s
../images//1247204738_119853f6f6_o.jpg :	0.283s
../images//2961728099_ac0a7b1951_o.jpg :	0.196s
../images//2025740475_732bafbbe6_o.jpg :	0.305s
../images//3787474027_32afd76666_o.jpg :	0.355s
../images//347765568_9597f8e5c4_o.jpg :	0.297s
../images//1305625625_47f1bf6d3d_o.jpg :	0.386s
../images//3280307127_c800052d78_o.jpg :	0.162s
../images//3616554974_a0f1b4342c_o.jpg :	0.126s
../images//1312894589_a0be6a3e8e_o.jpg :	0.313s
../images//337927891_9cdd60c39f_o.jpg :	0.299s
../images//2311925361_874a8b0bb1_o.jpg :	0.335s
../images//2936346284_efdd3e1ae7_o.jpg :	0.261s
../images//1305623495_cd1b963d01_o.jpg :	0.324s
../images//2757264552_bd174ef720_o.jpg :	0.362s
../images//232673484_7b938971c2_o.jpg :	0.358s
../images//468705342_550b828031_o.jpg :	0.413s
../images//2116167294_9c6ec93f4a_o.jpg :	0.23s
../images//2955818972_a18e845ed6_o.jpg :	0.237s
../images//2509536873_7a9f03d1b1_o.jpg :	0.337s
../images//2964676940_c3519af741_o.jpg :	0.245s
../images//40567794_661402e50d_o.jpg :	0.326s
../images//3013441029_bfe7cefdb7_o.jpg :	0.302s
../images//1347619082_d6be55de38_o.jpg :	0.298s
../images//337927690_e23321aabd_o.jpg :	0.297s
../images//2963835589_8bbacfe1e0_o.jpg :	0.217s
../images//1803877280_8df258d397_o.jpg :	0.193s
../images//531751971_a9e8db469c_o.jpg :	0.248s
../images//4047885578_f715462b43_o.jpg :	0.214s
../images//1305618623_0cf7e49388_o.jpg :	0.342s
../images//3781328134_ebaed08319_o.jpg :	0.401s
../images//1480729097_e757f9ff41_o.jpg :	0.223s
../images//1063110867_1b19dca482_o.jpg :	0.327s
../images//2312736890_ccd903f39b_o.jpg :	0.481s
../images//3781331520_b70427271f_o.jpg :	0.407s
../images//232674719_e50752ed76_o.jpg :	0.35s
../images//2961729873_b587a28670_o.jpg :	0.233s
../images//2961735621_030717f9c6_o.jpg :	0.269s
../images//2361163656_14a99724ed_o.jpg :	0.315s
../images//2590542690_e7dcebd6f8_o.jpg :	0.215s
../images//2311926191_2202c1f8b1_o.jpg :	0.46s
../images//2509537215_513f8b8000_o.jpg :	0.353s
../images//2589706661_e898cbd983_o.jpg :	0.208s
../images//1063980148_7b45be91d6_o.jpg :	0.315s
../images//2460651783_38b0b30887_o.jpg :	0.371s
../images//1804432823_f3114dbabe_o.jpg :	0.261s
../images//2312736158_abe03f9a1f_o.jpg :	0.458s
../images//337928564_b12ca83714_o.jpg :	0.281s
../images//3039159226_de244a82a0_o.jpg :	0.289s
../images//337928811_765ca5f993_o.jpg :	0.28s
../images//2648578629_f113188820_o.jpg :	0.256s
../images//3789910927_87dc18a266_o.jpg :	0.229s
../images//337928146_cc664b092c_o.jpg :	0.308s
../images//2901159257_8989bfa10e_o.jpg :	0.237s
../images//765020426_1c5644e28c_o.jpg :	0.315s
../images//337928357_30edefb154_o.jpg :	0.384s
../images//3038293753_f12538e5d5_o.jpg :	0.302s
../images//424052894_4b28c51590_o.jpg :	0.42s
../images//2971802558_f6ba265f84_o.jpg :	0.237s
../images//1313781304_f04a25dd09_o.jpg :	0.375s
../images//1063982694_218e32f833_o.jpg :	0.338s
../images//1313779436_3dc8e6b85f_o.jpg :	0.376s
../images//2461485714_e9c333dfb4_o.jpg :	0.397s
../images//2944068733_d33728d83d_o.jpg :	0.341s
../images//2018593500_be7becac04_o.jpg :	0.287s
../images//1276521196_5d60eb63fc_o.jpg :	0.388s
../images//3209412623_a40d6554f7_o.jpg :	0.224s
../images//2959035976_f9cd6aab12_o.jpg :	0.329s
../images//3038293811_6b75dcca78_o.jpg :	0.322s
../images//241729437_35a54557bb_o.jpg :	0.261s
../images//347769412_fb7f798cc7_o.jpg :	0.268s
../images//2025744021_10cd34b494_o.jpg :	0.386s
../images//3789903933_f35a8e04bb_o.jpg :	0.244s
../images//2977699005_744f1af4fe_o.jpg :	0.24s
../images//2949648661_11b15cd772_o.jpg :	0.248s
../images//1974094774_5061e2465d_o.jpg :	0.196s
../images//3790722998_095a167b26_o.jpg :	0.256s
../images//2962578792_961064b0a8_o.jpg :	0.261s
../images//218722804_a66f650e34_o.jpg :	0.43s
../images//3753560508_6dfffb6019_o.jpg :	0.264s
../images//3461031634_c6785cb96f_o.jpg :	0.333s
../images//1063988934_1fcf6408d0_o.jpg :	0.29s
../images//337927317_ad347cdc1e_o.jpg :	0.544s
../images//3770972473_54efb20d0b_o.jpg :	0.168s
../images//2959035590_53086f97da_o.jpg :	0.337s
../images//2257160726_8b4d5776dd_o.jpg :	0.198s
../images//2953810768_e45475992f_o.jpg :	0.345s
../images//2334976314_b803577479_o.jpg :	0.235s
../images//2976056654_c083a3fb5d_o.jpg :	0.216s
../images//1276521186_5f5a5c2bc1_o.jpg :	0.489s
../images//3753559456_c864ee07f1_o.jpg :	0.281s
../images//2819547766_e0e265060e_o.jpg :	0.19s
../images//2613064970_22b0e5f76b_o.jpg :	0.168s
../images//2961733829_e8e4c5d073_o.jpg :	0.263s
../images//2017801799_857d37a2d5_o.jpg :	0.255s
../images//2481266783_032b38cdb7_o.jpg :	0.274s
../images//1341579040_c4de0fe638_o.jpg :	0.307s
../images//4025645979_2845d2f9b0_o.jpg :	0.267s
../images//1305621353_78399e504f_o.jpg :	0.425s
../images//2513324922_820811dc3d_o.jpg :	0.333s
../images//2576709553_c720a17423_o.jpg :	0.336s
../images//3336752082_238df77197_o.jpg :	0.218s
../images//2251454865_29e9b004ea_o.jpg :	0.251s
../images//2756429879_3c56d54f37_o.jpg :	0.448s
../images//2171154177_56c7be8631_o.jpg :	0.213s
../images//1148152381_31d57e64d2_o.jpg :	0.37s
../images//2909296735_5110c4d6c6_o.jpg :	0.228s
../images//289280453_84bed1ae59_o.jpg :	0.298s
../images//236372993_e561789fcf_o.jpg :	0.247s
../images//2819200094_dc26c9a16f_o.jpg :	0.39s
../images//398063842_b369db2919_o.jpg :	0.278s
../images//2962576428_07ae6ac1d3_o.jpg :	0.276s
../images//2723110891_e53fe88f48_o.jpg :	0.262s
../images//1063975736_fff3697abb_o.jpg :	0.399s
../images//1276521158_94b057ed49_o.jpg :	0.434s
../images//2694516035_1c99963937_o.jpg :	0.254s
../images//1749631467_3c739daa96_o.jpg :	0.201s
../images//3262425692_b27b32a99e_o.jpg :	0.363s
../images//232672216_4f67200517_o.jpg :	0.444s
../images//1973263277_9d1aa4880f_o.jpg :	0.239s
../images//2361561891_e7728b8519_o.jpg :	0.369s
../images//2289495052_2ea22a7846_o.jpg :	0.299s
../images//2962726221_13d75dc9f8_o.jpg :	0.186s
../images//2855773347_8aec1e4a3e_o.jpg :	0.258s
../images//3276815060_f6980a4afb_o.jpg :	0.947s
../images//4047879290_1bb260e6a7_o.jpg :	0.247s
../images//2613064012_0f78ca49b3_o.jpg :	0.177s
../images//3612312568_cc7903ca10_o.jpg :	0.285s
../images//2961732117_c11dfd21cd_o.jpg :	0.268s
../images//2959036376_e4e9daf551_o.jpg :	0.376s
../images//2997738419_106cc89e5b_o.jpg :	0.279s
../images//2321545018_e5d6ffaeb1_o.jpg :	0.228s
../images//2589706475_63d0c631a6_o.jpg :	0.279s
../images//1063124423_0826dfdb96_o.jpg :	0.34s
../images//2961736663_64b5f38384_o.jpg :	0.255s
../images//3771776605_20236482fe_o.jpg :	0.171s
../images//1791525324_7ee8d285f7_o.jpg :	0.148s
../images//2976917975_128768dc80_o.jpg :	0.294s
../images//2288707209_1f572d8e9a_o.jpg :	0.539s
../images//2649411144_5313be2bc4_o.jpg :	0.278s
../images//3856064239_f7c5936efa_o.jpg :	0.336s
../images//831638553_c07d7c5612_o.jpg :	0.511s
../images//1749632825_0a155c635b_o.jpg :	0.197s
../images//557812408_50f7e110cd_o.jpg :	0.351s
../images//3260830889_69008bc83e_o.jpg :	0.238s
../images//3856058125_ff54b6d58d_o.jpg :	0.371s
../images//2951556744_0f65326952_o.jpg :	0.471s
../images//1033122200_643e049d99_o.jpg :	0.245s
../images//1033271064_90f838e43f_o.jpg :	0.245s
../images//316956390_292a3c547a_o.jpg :	0.33s
../images//278033857_6b1a84380e_o.jpg :	0.275s
../images//3795696128_1d0d3be616_o.jpg :	0.38s
../images//2998580900_bd67bc176c_o.jpg :	0.256s
../images//1751821676_a701585365_o.jpg :	0.215s
../images//2359763136_8be9491c45_o.jpg :	0.48s
../images//2976057616_12dffd0632_o.jpg :	0.27s
../images//2955805122_359e140d54_o.jpg :	0.276s
../images//2762935649_e025512335_o.jpg :	0.311s
../images//3211117514_b0c892cbb0_o.jpg :	0.281s
../images//558075297_b230c323d4_o.jpg :	0.352s
../images//1749632193_93bd823410_o.jpg :	0.175s
../images//534257050_c04b5a21f8_o.jpg :	0.545s
../images//2017794865_7799e7f44f_o.jpg :	0.357s
../images//3775844360_82496effa8_o.jpg :	0.205s
../images//2497661332_3a69c3d0ca_o.jpg :	0.345s
../images//2974035219_bb34fe3c4a_o.jpg :	0.305s
../images//299991398_7fadfd58b5_o.jpg :	0.453s
../images//3905586330_439a734765_o.jpg :	0.296s
../images//2257225220_19c8ac277b_o.jpg :	0.209s
../images//3555344272_1971aae6d6_o.jpg :	0.292s
../images//424052418_7e15e33c3d_o.jpg :	0.999s
../images//2910143108_a0c7ca472e_o.jpg :	0.234s
../images//1063992094_96b42e9c04_o.jpg :	0.371s
../images//2169456264_1a006b904e_o.jpg :	0.351s
../images//3775843336_44e591418e_o.jpg :	0.213s
../images//2527306111_a40c1200b1_o.jpg :	0.354s
../images//3891786204_a71460556f_o.jpg :	0.311s
../images//3199418341_c44844004f_o.jpg :	0.412s
../images//2334149717_13e881c909_o.jpg :	0.25s
../images//2977664987_da5c6e16f8_o.jpg :	0.287s
../images//1798405455_8aeaeb3fc2_o.jpg :	0.193s
../images//2961729081_0d0eb6d516_o.jpg :	0.306s
../images//2110455373_7f93b7b63c_o.jpg :	0.275s
../images//2251446385_fd5c84e1ec_o.jpg :	0.446s
../images//2867646794_8088f7feb9_o.jpg :	0.265s
../images//3456323824_e404d39379_o.jpg :	0.631s
../images//2978959550_72e1d7117e_o.jpg :	0.265s
../images//2954958881_f0ff8d9ca6_o.jpg :	0.205s
../images//557813860_5ef65d66ba_o.jpg :	0.41s
../images//3209393175_90a1676e8b_o.jpg :	0.203s
../images//1620614293_9b45375f98_o.jpg :	0.314s
../images//3890995579_59034e0553_o.jpg :	0.372s
../images//4047145059_72154c27fd_o.jpg :	0.282s
../images//2334977108_e7961b6aef_o.jpg :	0.324s
../images//2998577932_9023e1a245_o.jpg :	0.338s
../images//4025646459_a85749bc2b_o.jpg :	0.287s
../images//1640588358_a2b8991556_o.jpg :	0.295s
../images//1033776800_64920e1f31_o.jpg :	0.277s
../images//2909276415_fc28b05157_o.jpg :	0.327s
../images//2110449743_7d474c0e0e_o.jpg :	0.261s
../images//1033918584_5abbe5fdc6_o.jpg :	0.243s
../images//2017798307_263a2e8395_o.jpg :	0.278s
../images//3890996449_762a22ce0b_o.jpg :	0.347s
../images//2334150099_2d25589912_o.jpg :	0.229s
../images//3867484078_07134800ee_o.jpg :	0.349s
../images//3035108762_f15e6e1fc8_o.jpg :	0.316s
../images//1957227384_501db2c9e3_o.jpg :	0.23s
../images//1033708918_10818c4c22_o.jpg :	0.291s
../images//3771621762_f00b11b3f9_o.jpg :	0.199s
../images//2256446145_4d5959e956_o.jpg :	0.357s
../images//3735327856_fcdd2a5757_o.jpg :	0.325s
../images//2116166880_4e1916b384_o.jpg :	0.342s
../images//3867589544_4777403433_o.jpg :	0.258s
../images//2025702759_ae8a869026_o.jpg :	0.451s
../images//2974895224_4b93ee42ff_o.jpg :	0.258s
../images//2334148789_8b54ea791e_o.jpg :	0.234s
../images//2285156959_7818bf192c_o.jpg :	0.306s
../images//908556091_823ff723af_o.jpg :	0.198s
../images//3867481846_643c063015_o.jpg :	0.38s
../images//4026400166_db4dea101f_o.jpg :	0.321s
../images//1687761633_bc6152d8ea_o.jpg :	0.291s
../images//3804013928_12d6882b95_o.jpg :	0.164s
../images//2460652621_262ec6a778_o.jpg :	0.515s
../images//2909275083_ea79e161f7_o.jpg :	0.284s
../images//2612231925_ba6fee0c43_o.jpg :	0.206s
../images//2017800695_4a12e35335_o.jpg :	0.395s
../images//1680678548_85d3bee96e_o.jpg :	0.217s
../images//2116168014_e122958ee1_o.jpg :	0.325s
../images//3211102776_b94d8d723e_o.jpg :	0.272s
../images//1033098116_483a35d191_o.jpg :	0.243s
../images//2169456920_9d73d40912_o.jpg :	0.394s
../images//4047883014_2055fba6e1_o.jpg :	0.281s
../images//3867526970_1e5a1535cc_o.jpg :	0.362s
../images//2497658490_2acd6f56b9_o.jpg :	0.346s
../images//3775036269_6b4244fb43_o.jpg :	0.189s
../images//2402217149_f0f2203125_o.jpg :	0.184s
../images//2762490216_3d732b5063_o.jpg :	0.334s
../images//2256373395_fb1711dcbe_o.jpg :	0.313s
../images//40567796_cea477e2e8_o.jpg :	0.368s
../images//2648583939_1514568a49_o.jpg :	0.297s
../images//2334149309_bcf6a0d35b_o.jpg :	0.269s
../images//1466904106_42706ef299_o.jpg :	0.386s
../images//2334149505_8eb20cee1a_o.jpg :	0.239s
../images//310110055_206d5167a1_o.jpg :	0.34s
../images//2843693675_491a77b78b_o.jpg :	0.184s
../images//3006194274_db364a585b_o.jpg :	0.275s
../images//831642807_5cd50a7ca7_o.jpg :	0.258s
../images//2256411707_b0644bc867_o.jpg :	0.258s
../images//2110455377_aae662e745_o.jpg :	0.306s
../images//2902000808_a62657d917_o.jpg :	0.266s
../images//832509468_557df760f8_o.jpg :	0.239s
../images//2025697815_e821cdab77_o.jpg :	0.429s
../images//2648580541_d27bceb303_o.jpg :	0.345s
../images//2497654882_8343ca40c5_o.jpg :	0.324s
../images//2257233210_f60f1fa188_o.jpg :	0.351s
../images//693192756_b17e51e74b_o.jpg :	0.299s
../images//2252256062_134c88a7e3_o.jpg :	0.241s
../images//3866723975_48361f2bcd_o.jpg :	0.321s
../images//2909279745_8928dc3ba0_o.jpg :	0.319s
../images//2613060720_923e112b5c_o.jpg :	0.184s
../images//3866807653_833732ab12_o.jpg :	0.31s
../images//2955807038_260a2b5a32_o.jpg :	0.345s
../images//831637285_607bb09171_o.jpg :	0.272s
../images//409051072_6d0b4f2ee4_o.jpg :	0.236s
../images//1152130971_1551f2bcaf_o.jpg :	0.306s
../images//2911766855_5e2f77d04e_o.jpg :	0.32s
../images//3866808595_a5e4ea94a3_o.jpg :	0.335s
../images//4047884780_399414c064_o.jpg :	0.28s
../images//3867526246_44467c350f_o.jpg :	0.318s
../images//2252260446_8b717a50cb_o.jpg :	0.242s
../images//354770430_7ab0590eda_o.jpg :	0.349s
../images//351866813_8cf04d07a5_o.jpg :	0.306s
../images//3472529917_3a3a4d6166_o.jpg :	0.294s
../images//3866741561_dd88ebe878_o.jpg :	0.325s
../images//2761645435_53a3fe720d_o.jpg :	0.284s
../images//2104320112_79c1eccc5f_o.jpg :	0.332s
../images//3866709207_de488c0284_o.jpg :	0.358s
../images//2120758558_e919e0db7a_o.jpg :	0.334s
../images//3867530304_8b462c82c1_o.jpg :	0.313s
../images//3445134047_40c743e13a_o.jpg :	0.184s
../images//237442460_f020164840_o.jpg :	0.372s
../images//2955811006_b443c008f4_o.jpg :	0.291s
../images//2955809114_773f7a5409_o.jpg :	0.604s
../images//2954968523_68e0ac3866_o.jpg :	0.364s
../images//3211079940_693475ff91_o.jpg :	0.263s
../images//3866810581_aed42f5eab_o.jpg :	0.307s
../images//3491131962_f41c06b3bf_o.jpg :	0.176s
../images//2374917154_b857aa6ff4_o.jpg :	0.33s
../images//2110455381_ecc05c31eb_o.jpg :	0.269s
../images//1032219123_146b88334b_o.jpg :	0.228s
../images//317693870_76757c269c_o.jpg :	0.319s
../images//1956395833_92f49d576d_o.jpg :	0.239s
../images//2496831709_b161d0c5a4_o.jpg :	0.391s
../images//1965085840_a5449d04eb_o.jpg :	0.32s
../images//3867482602_602c1d5ebd_o.jpg :	0.346s
../images//2256421191_e0f383ea0b_o.jpg :	0.241s
../images//2257199378_a22291aec1_o.jpg :	0.432s
../images//2496827885_c6566c789a_o.jpg :	0.358s
../images//3867504356_e85d084b63_o.jpg :	0.282s
../images//1032289797_7c095ebf99_o.jpg :	0.222s
../images//4047881050_2e78d566ca_o.jpg :	0.292s
../images//2104320110_cb60d6337f_o.jpg :	0.493s
../images//2171948026_ec0cd0e68f_o.jpg :	0.286s
../images//3866743817_8902a5814b_o.jpg :	0.396s
../images//3079629072_34dd5cd50c_o.jpg :	0.319s
../images//2711014043_5e81939526_o.jpg :	0.397s
../images//2909287087_b4b68b7651_o.jpg :	0.305s
../images//2104320120_d4b0dd2e5d_o.jpg :	0.304s
../images//3866740827_a2e8968972_o.jpg :	0.326s
../images//3867487748_ffa44375ea_o.jpg :	0.36s
../images//3210239283_f4f767d818_o.jpg :	0.302s
../images//2910145764_10f1baf512_o.jpg :	0.337s
../images//3406671426_99b528767e_o.jpg :	0.243s
../images//3033074114_f3504c2f59_o.jpg :	0.295s
../images//2690788286_7357e842fc_o.jpg :	0.302s
../images//3867486936_c0a5efcf03_o.jpg :	0.394s
../images//2649414560_f027571b0a_o.jpg :	0.366s
../images//2821463688_76c001122f_o.jpg :	0.242s
../images//831646039_5396e320ef_o.jpg :	0.26s
../images//3211076226_fc214eb324_o.jpg :	0.254s
../images//2251468545_37954b2797_o.jpg :	0.412s
../images//1439696255_390defecff_o.jpg :	0.267s
../images//2256357039_7eeb39579b_o.jpg :	0.439s
../images//3697835076_d30a3d0c4a_o.jpg :	0.344s
../images//3866745595_5d3ddfff20_o.jpg :	0.426s
../images//3867593714_d931802920_o.jpg :	0.348s
../images//2901156871_e48cf3561f_o.jpg :	0.207s
../images//2710125561_d3e7feb2ca_o.jpg :	0.267s
../images//2649413480_8773c63b52_o.jpg :	0.39s
../images//3866738085_7a3616378d_o.jpg :	0.356s
../images//2574104040_60c613d7ba_o.jpg :	0.227s
../images//1032460115_6079cad714_o.jpg :	0.212s
../images//3866811547_635bea13b8_o.jpg :	0.32s
../images//242154643_c1f12fd1af_o.jpg :	0.379s
../images//3211088096_d72d76c1a7_o.jpg :	0.252s
../images//1956403463_681ac3c895_o.jpg :	0.228s
../images//2497655926_f6330c3b6e_o.jpg :	0.388s
../images//1964341675_962784b96d_o.jpg :	0.257s
../images//3867473606_e884c0ee29_o.jpg :	0.385s
../images//3867478990_0f1e37a027_o.jpg :	0.328s
../images//4025645641_801449d81a_o.jpg :	0.348s
../images//2568050027_63b10cc35b_o.jpg :	0.28s
../images//3770821037_e6624a7224_o.jpg :	0.225s
../images//2257179554_40fb150589_o.jpg :	0.277s
../images//2470599336_94bfa082db_o.jpg :	0.371s
../images//2801476852_02d54053ec_o.jpg :	0.303s
../images//2710146045_99945d20be_o.jpg :	0.273s
../images//3866721357_2211cb25aa_o.jpg :	0.309s
../images//2963574344_fe4fda186a_o.jpg :	0.211s
../images//3866757315_2ca5754f45_o.jpg :	0.394s
../images//2963567264_d666902eb8_o.jpg :	0.224s
../images//2573216119_d8eccc39ef_o.jpg :	0.258s
../images//2251451137_9ecb2e8abe_o.jpg :	0.238s
../images//2110455371_fefd6dd6d5_o.jpg :	0.337s
../images//1033025339_a833a942f5_o.jpg :	0.237s
../images//1090685207_423dc13172_o.jpg :	0.461s
../images//2910128966_6a7844c0c2_o.jpg :	0.355s
../images//3866731695_1c97eff17b_o.jpg :	0.357s
../images//2648577895_4ede0f2896_o.jpg :	0.343s
../images//2582356422_f3c9cfe034_o.jpg :	0.385s
../images//1629585191_b01226f6ca_o.jpg :	0.346s
../images//3866704549_1e225c7fda_o.jpg :	0.377s
../images//3867516736_dcbf422851_o.jpg :	0.269s
../images//2832300759_0b05aa9675_o.jpg :	0.339s
../images//3866705381_d5c13421ea_o.jpg :	0.373s
../images//2083267361_c988e4a520_o.jpg :	0.38s
../images//905247872_e044cd2af9_o.jpg :	0.254s
../images//361709714_da6d8af7f9_o.jpg :	0.292s
../images//2974903366_848a494541_o.jpg :	0.294s
../images//1965200636_9b269444f7_o.jpg :	0.271s
../images//2965516010_4986fc7ef6_o.jpg :	0.258s
../images//3866725959_595d57fda2_o.jpg :	0.406s
../images//1439692635_49045b3c5f_o.jpg :	0.391s
../images//2978102277_9e3918ee86_o.jpg :	0.228s
../images//3866744717_3181a35238_o.jpg :	0.374s
../images//3866699483_bb3c6492a4_o.jpg :	0.375s
../images//2257190100_9a13d4b070_o.jpg :	0.491s
../images//2945555312_6c0011eae7_o.jpg :	0.259s
../images//2950484072_48ab52ee25_o.jpg :	0.38s
../images//2169455018_ef7b6f8a41_o.jpg :	0.418s
../images//361709659_6400cc4c8b_o.jpg :	0.429s
../images//2275074574_592847d394_o.jpg :	0.297s
../images//3867606822_8a5e1943cd_o.jpg :	0.315s
../images//3033095934_1f57547173_o.jpg :	0.282s
../images//2497652856_7e9a387cdf_o.jpg :	0.364s
../images//2447727224_7e046e9674_o.jpg :	0.288s
../images//3033064750_5e6aa80ae1_o.jpg :	0.326s
../images//1466052827_dfb77b4757_o.jpg :	0.335s
../images//3867605816_bbebc22f08_o.jpg :	0.308s
../images//2582353118_d6a77a41a6_o.jpg :	0.531s
../images//3664972889_e47c37ac0b_o.jpg :	0.27s
../images//2386103854_1816424154_o.jpg :	0.274s
../images//2257252072_745d557c8d_o.jpg :	0.297s
../images//3867596900_7253973a09_o.jpg :	0.346s
../images//2361583895_3548f9e72a_o.jpg :	0.313s
../images//1797880081_002a4f2b3c_o.jpg :	0.157s
../images//3867492544_40470926b3_o.jpg :	0.474s
../images//1886983832_1f847100c4_o.jpg :	0.329s
../images//1439694127_58af814016_o.jpg :	0.389s
../images//3866726917_6c54e8beb4_o.jpg :	0.439s
../images//2374855612_6cd48073a2_o.jpg :	0.349s
../images//2693469633_e48bdd8c44_o.jpg :	0.352s
../images//3867490424_f974ef41f5_o.jpg :	0.396s
../images//2909277917_342c5b920b_o.jpg :	0.342s
../images//2422167145_9b6a79d96e_o.jpg :	0.339s
../images//2582363768_fdefe404bb_o.jpg :	0.332s
../images//2385279511_e69e875579_o.jpg :	0.253s
../images//3960891188_fcff508025_o.jpg :	0.356s
../images//2374023679_fe3bfe890d_o.jpg :	0.314s
../images//2821464430_f995ccc65d_o.jpg :	0.228s
../images//2909288763_5479898304_o.jpg :	0.34s
../images//831644319_701d57145f_o.jpg :	0.449s
../images//3867521262_ccfd1aa3cf_o.jpg :	0.387s
../images//3272026528_f1c07586db_o.jpg :	0.235s
../images//3867531306_0722785bc3_o.jpg :	0.371s
../images//2117020117_207bf248c6_o.jpg :	0.224s
../images//2832312587_5f1512e962_o.jpg :	0.435s
../images//2909290247_1610c233f8_o.jpg :	0.403s
../images//3867585304_03bbccbefd_o.jpg :	0.382s
../images//510010178_2c94288d56_o.jpg :	0.282s
../images//361709604_f7112ca5d0_o.jpg :	0.388s
../images//3867518826_921a5f6a0b_o.jpg :	0.355s
../images//3552130409_ac664a5762_o.jpg :	0.349s
../images//2374025999_8d19fbf92a_o.jpg :	0.321s
../images//1303010301_2e23be7eb6_o.jpg :	0.563s
../images//3866728941_744e8776a2_o.jpg :	0.281s
../images//3428862778_c3cb83dab3_o.jpg :	0.202s
../images//1547096366_008b42ab64_o.jpg :	0.25s
../images//2516380117_02325162ba_o.jpg :	0.348s
../images//484987820_cfd720d85e_o.jpg :	0.328s
../images//3867506996_aa3151be09_o.jpg :	0.496s
../images//3945294177_5cc3f7734f_o.jpg :	0.366s
../images//2833135756_e4a527803a_o.jpg :	0.387s
../images//2910139532_15d38cf4cf_o.jpg :	0.335s
../images//3867506036_9588293836_o.jpg :	0.369s
../images//501284300_fe49ec821f_o.jpg :	0.359s
../images//3866739989_cd8a2b227a_o.jpg :	0.382s
../images//3866725083_894da88d83_o.jpg :	0.433s
../images//3867560620_0fc3f0a915_o.jpg :	0.426s
../images//3866799211_b7c923d6d9_o.jpg :	0.381s
../images//3866775435_ccd8d1de08_o.jpg :	0.4s
../images//2833132354_4a67eaf718_o.jpg :	0.401s
../images//2820627317_ce58af2e1d_o.jpg :	0.244s
../images//2909285419_e1be08cccd_o.jpg :	0.359s
../images//4025645105_7bb77a95fa_o.jpg :	0.438s
../images//3867590748_72b6daa6bf_o.jpg :	0.389s
../images//1440553366_b4cb1d881b_o.jpg :	0.366s
../images//3867586384_b9da48bfe7_o.jpg :	0.402s
../images//3006201402_54f0fee875_o.jpg :	0.369s
../images//3795999529_597c25ac75_o.jpg :	0.395s
../images//2517203130_34c70cf9cb_o.jpg :	0.388s
../images//1547097500_74d6cfe63c_o.jpg :	0.325s
../images//3099906603_006a0e02c0_o.jpg :	0.357s
../images//2543586458_c284b4b841_o.jpg :	0.27s
../images//2366866407_12760b0473_o.jpg :	0.271s
../images//3866804805_72cd57dd8a_o.jpg :	0.323s
../images//2975201794_6f41064b3e_o.jpg :	0.255s
../images//3866752773_46f439e78a_o.jpg :	0.381s
../images//831635987_daa4e00cd4_o.jpg :	0.503s
../images//3867632984_379f7b1b65_o.jpg :	0.321s
../images//3866750669_16f216b421_o.jpg :	0.376s
../images//3866710323_413e761c13_o.jpg :	0.331s
../images//2978103725_0de1fda31a_o.jpg :	0.365s
../images//1440554620_b90007d053_o.jpg :	0.409s
../images//3795696748_64132aa9d5_o.jpg :	0.326s
../images//363267187_df46540c9d_o.jpg :	0.339s
../images//2385282229_2bb6402154_o.jpg :	0.304s
../images//1965230810_57ef9ed3c6_o.jpg :	0.222s
../images//2976059162_caa35d679a_o.jpg :	0.34s
../images//3867523056_66cc31ffc1_o.jpg :	0.362s
../images//2374858348_65e2cd4358_o.jpg :	0.362s
../images//1572071465_72723226fd_o.jpg :	0.355s
../images//1974098604_cb0a81b0d1_o.jpg :	0.293s
../images//2117020113_befaa4f23a_o.jpg :	0.236s
../images//981374980_1126f5a860_o.jpg :	0.299s
../images//905246360_0aeae3a6f5_o.jpg :	0.26s
../images//3866795225_739e9523c7_o.jpg :	0.428s
../images//2378569896_11ff116086_o.jpg :	0.438s
../images//3406669402_dde721cb87_o.jpg :	0.326s
../images//3867587426_1b53783160_o.jpg :	0.363s
../images//1440551822_421aa518c9_o.jpg :	0.358s
../images//3577735884_23ce862cd3_o.jpg :	0.334s
../images//1887040506_ab8d2cd956_o.jpg :	0.271s
../images//3867567224_2572e37334_o.jpg :	0.505s
../images//2710944960_2c6877b612_o.jpg :	0.362s
../images//3211072538_bef30bf0df_o.jpg :	0.641s
../images//2833142880_937003d383_o.jpg :	0.427s
../images//2964887061_0c75a088b7_o.jpg :	0.365s
../images//282872561_5ee565a0b2_o.jpg :	0.206s
../images//2835806082_db2b709a50_o.jpg :	0.611s
../images//2378572604_270fc3b3c4_o.jpg :	0.306s
../images//3211099272_8032f49713_o.jpg :	0.503s
../images//2910147400_daa196d735_o.jpg :	0.357s
../images//3348419987_b440a8cd57_o.jpg :	0.466s
../images//2386116696_e456c2a017_o.jpg :	0.337s
../images//2974325797_4f6baf1396_o.jpg :	0.263s
../images//3867601776_7f84f32cfc_o.jpg :	0.412s
../images//3867517770_82655810b8_o.jpg :	0.383s
../images//3570879722_b33e436688_o.jpg :	0.297s
../images//2386106302_32dc08d145_o.jpg :	0.317s
../images//2355376140_ca4d9c97f3_o.jpg :	0.345s
../images//363267254_38fd4beede_o.jpg :	0.426s
../images//3539305928_f31faa4e72_o.jpg :	0.301s
../images//3866774217_438b54d3a9_o.jpg :	0.362s
../images//3866683115_8420c2557d_o.jpg :	0.349s
../images//2385276537_b18df1314a_o.jpg :	0.306s
../images//2135868871_3e2553a699_o.jpg :	0.274s
../images//3866686949_2976eb673d_o.jpg :	0.467s
../images//2800627507_9075770409_o.jpg :	0.304s
../images//3210250215_643a03d756_o.jpg :	0.347s
../images//3867551146_6361c6340e_o.jpg :	0.374s
../images//3033084468_6ef5f5266e_o.jpg :	0.363s
../images//2909273573_c4293ee72b_o.jpg :	0.379s
../images//1303022723_0a80acfd1a_o.jpg :	0.277s
../images//832508030_43105ebbfc_o.jpg :	0.273s
../images//3867502318_3821d00814_o.jpg :	0.4s
../images//2764271669_04950473c8_o.jpg :	0.385s
../images//3866688967_d9cbd935d9_o.jpg :	0.394s
../images//2910131100_6fe86973fc_o.jpg :	0.34s
../images//2422166385_0c7259c0db_o.jpg :	0.595s
../images//3866800389_ec73971b99_o.jpg :	0.439s
../images//3538599305_9366aae9a0_o.jpg :	0.306s
../images//3348420017_b7146f3829_o.jpg :	0.286s
../images//2944656643_bc953dbf0f_o.jpg :	0.309s
../images//2710952476_42ac803192_o.jpg :	0.342s
../images//3405858621_78be9f7178_o.jpg :	0.305s
../images//3866782247_3b58787807_o.jpg :	0.372s
../images//3867467652_d2f5114166_o.jpg :	0.351s
../images//3405859057_fcd0bb8c44_o.jpg :	0.374s
../images//11648273_e2ce40ca54_o.jpg :	0.365s
../images//3538494541_f1f71537bf_o.jpg :	0.324s
../images//2975183972_7edac49688_o.jpg :	0.291s
../images//142667390_adaf568f60_o.jpg :	0.341s
../images//2385280773_c7e2439a3d_o.jpg :	0.36s
../images//3867570804_79fd66f6df_o.jpg :	0.356s
../images//3406671210_c0d3b1261e_o.jpg :	0.314s
../images//3867600548_d0e9d746da_o.jpg :	0.444s
../images//3867565156_dac8123c39_o.jpg :	0.37s
../images//3034665209_ac83f34b8a_o.jpg :	0.23s
../images//524961473_a7a553bd85_o.jpg :	0.222s
../images//11647462_cbed1146b1_o.jpg :	0.387s
../images//30373956_f32e322c89_o.jpg :	0.368s
../images//3866701053_932846abd3_o.jpg :	0.459s
../images//1547095134_f4862af6eb_o.jpg :	0.316s
../images//3867532282_13e176ffe1_o.jpg :	0.382s
../images//2378578356_18f1c2a79e_o.jpg :	0.438s
../images//2975188524_678fcaf286_o.jpg :	0.286s
../images//2976222314_0f92880f23_o.jpg :	0.253s
../images//1887003876_1f79910825_o.jpg :	0.295s
../images//1246721534_0853e44054_o.jpg :	0.354s
../images//3866751763_dc179d9f63_o.jpg :	0.388s
../images//524957275_69c09e54fd_o.jpg :	0.218s
../images//2975220756_0b60c5c475_o.jpg :	0.288s
../images//3867553426_a3d12af94d_o.jpg :	0.408s
../images//3867599334_1d66e9c022_o.jpg :	0.446s
../images//3406670096_e69dbde1e9_o.jpg :	0.314s
../images//1439695489_0cd09fe00c_o.jpg :	0.401s
../images//2945556594_ab4c7fc49c_o.jpg :	0.331s
../images//3867574514_9824603aa1_o.jpg :	0.4s
../images//1964031217_58409c0dcb_o.jpg :	0.252s
../images//282871984_151f6a7297_o.jpg :	0.199s
../images//2944694347_4ac792236e_o.jpg :	0.289s
../images//2447683520_d5ea8eb5ce_o.jpg :	0.315s
../images//3405859733_12f2d20009_o.jpg :	0.331s
../images//3866785697_a0b3486d7d_o.jpg :	0.428s
../images//3866711535_6a9b6f382d_o.jpg :	0.393s
../images//3866687953_a3d1756f79_o.jpg :	0.414s
../images//3866814021_be92388149_o.jpg :	0.439s
../images//367936344_b313aba9aa_o.jpg :	0.299s
../images//2446881223_ae28d6387a_o.jpg :	0.315s
../images//3867480028_ddef6f686c_o.jpg :	0.419s
../images//2962695891_a2453d7351_o.jpg :	0.217s
../images//3867573270_d2e447d944_o.jpg :	0.476s
../images//363267228_c3f42a6ab0_o.jpg :	0.351s
../images//2385278219_fa4033382b_o.jpg :	0.355s
../images//3867501298_f470020ce6_o.jpg :	0.384s
../images//2974344465_31167e15b0_o.jpg :	0.307s
../images//3406670774_217a06140f_o.jpg :	0.443s
../images//2422979636_9b14bea660_o.jpg :	0.34s
../images//3209380739_bea0187804_o.jpg :	0.328s
../images//3867552332_eefc855ea0_o.jpg :	0.415s
../images//501277844_e6e8c95c7a_o.jpg :	0.268s
../images//3867562938_65c6db5a84_o.jpg :	0.362s
../images//142668735_14f42b5cce_o.jpg :	0.327s
../images//524957269_ea73d228fd_o.jpg :	0.231s
../images//3867533386_ca08d30b52_o.jpg :	0.459s
../images//3866753927_0448c0793e_o.jpg :	0.398s
../images//155040314_c7ff5d3d8a_o.jpg :	0.347s
../images//2945554066_6f685ace14_o.jpg :	0.327s
../images//538630817_6e945cc0e6_o.jpg :	0.275s
../images//3406669642_682a54fb4b_o.jpg :	0.377s
../images//3676598658_a5a7d3fa51_o.jpg :	0.294s
../images//3728527141_c9cd919b41_o.jpg :	0.282s
../images//3867568434_147d4fb383_o.jpg :	0.397s
../images//241729430_0859373128_o.jpg :	0.291s
../images//3866787967_756fe4b290_o.jpg :	0.359s
../images//3866794155_3392d70939_o.jpg :	0.46s
../images//2975374767_55cdfc1ff3_o.jpg :	0.293s
../images//3578426784_aeb4518f75_o.jpg :	0.322s
../images//2446841437_6113514fe5_o.jpg :	0.353s
../images//3866779965_160a8a86f1_o.jpg :	0.402s
../images//3866693191_2b47cbe456_o.jpg :	0.455s
../images//3867496752_8cab673b84_o.jpg :	0.419s
../images//3866716093_1cdd14e534_o.jpg :	0.401s
../images//3640616330_654084d94f_o.jpg :	0.453s
../images//4269626000_3d57f1dfb2_o.jpg :	0.217s
../images//490107317_fefead8cfe_o.jpg :	0.265s
../images//3052279733_f2b60387d7_o.jpg :	0.399s
../images//501283124_c5245275f4_o.jpg :	0.379s
../images//2975332305_f5b6dfcb2d_o.jpg :	0.297s
../images//3866713833_89f36bf033_o.jpg :	0.369s
../images//3639706975_676e57d5c1_o.jpg :	0.319s
../images//2909717069_dda9d3edcd_o.jpg :	0.345s
../images//3866736065_4e9cce4c51_o.jpg :	0.439s
../images//3639710983_5a3201a7c5_o.jpg :	0.443s
../images//3437356039_4f3876484b_o.jpg :	0.377s
../images//2975216138_bf248ed19d_o.jpg :	0.391s
../images//1887045952_cf4e1fbfe6_o.jpg :	0.296s
../images//3348419999_411972a3b6_o.jpg :	0.331s
../images//3866755125_be4720a215_o.jpg :	0.394s
../images//3867474784_b9a83b0ff1_o.jpg :	0.439s
../images//3866719505_350187a158_o.jpg :	0.424s
../images//3866715005_ff1a19990f_o.jpg :	0.423s
../images//3348419963_1554ffc8b7_o.jpg :	0.297s
../images//1964002545_05cb80116d_o.jpg :	0.323s
../images//2976063566_7858118014_o.jpg :	0.286s
../images//2975377453_3fae394aaf_o.jpg :	0.265s
../images//2400524011_546821d097_o.jpg :	0.325s
../images//3406670614_608a27e744_o.jpg :	0.393s
../images//1152914660_700d65e476_o.jpg :	0.467s
../images//3867557236_dc33a22063_o.jpg :	0.365s
../images//646289859_11ac53a1f6_o.jpg :	0.417s
../images//2976246182_3f14f478e8_o.jpg :	0.189s
../images//2962736145_cba7bc247c_o.jpg :	0.241s
../images//2976227470_1350decf41_o.jpg :	0.304s
../images//3866728113_4b2742556c_o.jpg :	0.496s
../images//3728538265_3ccc8a464f_o.jpg :	0.339s
../images//3867548784_38654c2d59_o.jpg :	0.381s
../images//2422166787_f39838ac25_o.jpg :	0.376s
../images//3866686019_09a4e03670_o.jpg :	0.398s
../images//3866777621_7dc69f8f4e_o.jpg :	0.384s
../images//3866729939_a2b9ed8a8c_o.jpg :	0.489s
../images//3771616732_56648298cc_o.jpg :	0.651s
../images//980506671_fde02e353e_o.jpg :	0.332s
../images//1964876944_841f8feadb_o.jpg :	0.278s
../images//3866770679_4ff0f940c9_o.jpg :	0.4s
../images//3866758641_03318f42ca_o.jpg :	0.451s
../images//3866791691_98d41d000d_o.jpg :	0.451s
../images//3051825832_44bc19e996_o.jpg :	0.292s
../images//2964886193_a8ee4f02d6_o.jpg :	0.404s
../images//3052012427_e723447c2c_o.jpg :	0.306s
../images//1887014578_32f9d4eb3d_o.jpg :	0.393s
../images//3867540078_dee43e8d4b_o.jpg :	0.415s
../images//3866684953_33d8d8afb7_o.jpg :	0.416s
../images//3866707415_183920f425_o.jpg :	0.483s
../images//3867514898_c1a3046a48_o.jpg :	0.489s
../images//3867475892_d75579e9d6_o.jpg :	0.455s
../images//2377736531_df1dde18a1_o.jpg :	0.337s
../images//2385275117_3ac7bb2374_o.jpg :	0.336s
../images//1886151479_60e5c32c01_o.jpg :	0.388s
../images//3728577085_0e2c30dcc4_o.jpg :	0.353s
../images//3639709247_e46bba9c3b_o.jpg :	0.341s
../images//2975190145_7b94c9d89d_o.jpg :	0.328s
../images//1679892003_731e7491ca_o.jpg :	0.245s
../images//2430918656_34201e3d95_o.jpg :	0.405s
../images//2974339753_d61f6f2ac6_o.jpg :	0.311s
../images//3034777919_ed6d67b276_o.jpg :	0.209s
../images//2974358239_f13c7cbc58_o.jpg :	0.319s
../images//3053156284_bfce36ef7f_o.jpg :	0.316s
../images//2975192721_136d661cdd_o.jpg :	0.289s
../images//2975352305_8b6370399d_o.jpg :	0.293s
../images//110955678_ab1e289d9c_o.jpg :	0.268s
../images//2976076594_126fecde72_o.jpg :	0.261s
../images//110948438_4ec6879123_o.jpg :	0.26s
../images//110954325_0271262e7e_o.jpg :	0.33s
../images//773973294_6659d54bcf_o.jpg :	0.313s
../images//832526498_f45ba1a8d3_o.jpg :	0.306s
../images//3866702185_3e81fc4aab_o.jpg :	0.543s
../images//2975201193_fb6833f2a2_o.jpg :	0.329s
../images//3867577044_89152e2bc9_o.jpg :	0.434s
../images//2975388635_919f9092ee_o.jpg :	0.254s
../images//2961339355_4ef3e6135d_o.jpg :	0.268s
../images//2975228629_05cf46aec8_o.jpg :	0.355s
../images//3866759883_8e510eaa5b_o.jpg :	0.48s
../images//3867481166_088e12c0e3_o.jpg :	0.491s
../images//1546230367_8e917efc6d_o.jpg :	0.382s
../images//2401353256_5ff6473932_o.jpg :	0.308s
../images//3729345758_5e22ac8cd6_o.jpg :	0.348s
../images//3866771877_e3578859fa_o.jpg :	0.377s
../images//3651447086_70c33d2a91_o.jpg :	0.229s
../images//2834964013_a54e802268_o.jpg :	0.31s
../images//2358930879_40b4b4b1e6_o.jpg :	0.281s
../images//981358016_3aa87f24bc_o.jpg :	0.392s
../images//3640523360_3aa0f5d8b5_o.jpg :	0.353s
../images//2975297705_f555fde9bc_o.jpg :	0.256s
../images//4028937824_90a489833a_o.jpg :	0.259s
../images//2962741027_c78e195142_o.jpg :	0.233s
../images//3210285684_b2db390833_o.jpg :	0.278s
../images//773099829_df52a7bf86_o.jpg :	0.342s
../images//1965059120_d6afec0c67_o.jpg :	0.323s
../images//2975357129_c959696fa4_o.jpg :	0.22s
../images//3867478218_cda5e15fa9_o.jpg :	0.407s
../images//2975203621_a65232ba19_o.jpg :	0.338s
../images//11648097_826b97c4f6_o.jpg :	0.399s
../images//2354547969_0ba1a1b3a8_o.jpg :	0.297s
../images//1965049608_89e07d85a6_o.jpg :	0.407s
../images//2963535716_43e87a8084_o.jpg :	0.247s
../images//1886990276_5871ae6111_o.jpg :	0.32s
../images//110953115_dab31b000c_o.jpg :	0.329s
../images//1805640631_f80b3ef163_o.jpg :	0.252s
../images//3529692043_d747f7ca2d_o.jpg :	0.358s
../images//2975299927_3d816f5d65_o.jpg :	0.243s
../images//3052015825_72889afd59_o.jpg :	0.321s
../images//2972697792_2f458f6c20_o.jpg :	0.281s
../images//2470598714_640ee16f92_o.jpg :	0.38s
../images//3866766271_351edc9297_o.jpg :	0.384s
../images//3053118742_c964614aab_o.jpg :	0.371s
../images//1965080190_194d08aadc_o.jpg :	0.499s
../images//1887167474_d2f2036afe_o.jpg :	0.211s
../images//2976204388_bdcc3b6723_o.jpg :	0.31s
../images//3728552147_6b284bdc70_o.jpg :	0.286s
../images//980512791_c792a9c204_o.jpg :	0.445s
../images//2976086358_93fbbaf566_o.jpg :	0.364s
../images//3770810935_1014f8edc3_o.jpg :	0.532s
../images//3866762577_b9f8402dbc_o.jpg :	0.496s
../images//1886238299_35dd92d082_o.jpg :	0.36s
../images//3644918460_d1ed502559_o.jpg :	0.328s
../images//11647879_1c5ec27c7d_o.jpg :	0.344s
../images//3867603136_f5db4512b7_o.jpg :	0.425s
../images//1798393009_23c242e3a5_o.jpg :	0.26s
../images//485024551_9d6583ee95_o.jpg :	0.623s
../images//2975329607_f262ea8a90_o.jpg :	0.226s
../images//3729359528_c81ea9dc0e_o.jpg :	0.327s
../images//2975175971_b9d86e044d_o.jpg :	0.284s
../images//3771608782_51c54bf68b_o.jpg :	0.354s
../images//3770803049_51cbde770f_o.jpg :	0.324s
../images//3866823799_16c3ec2242_o.jpg :	0.473s
../images//2975195487_6f491c301f_o.jpg :	0.337s
../images//3348420005_a7c86febce_o.jpg :	0.369s
../images//2971847735_d40e76dfbe_o.jpg :	0.274s
../images//1887077370_2710193b95_o.jpg :	0.392s
../images//2976179372_6ebdb4d2fb_o.jpg :	0.183s
../images//1964020091_a88c5e41bf_o.jpg :	0.206s
../images//3704670767_f9b751035e_o.jpg :	0.328s
../images//3014523877_da9f12da3b_o.jpg :	0.336s
../images//501282456_5c5bba3405_o.jpg :	0.389s
../images//2983952978_8e687dc6e2_o.jpg :	0.269s
../images//2945558260_29042db8ba_o.jpg :	0.339s
../images//1886998180_dee7df2389_o.jpg :	0.377s
../images//832516192_b180f5d87b_o.jpg :	0.284s
../images//1799231864_d628ec675c_o.jpg :	0.297s
../images//11647664_71591da166_o.jpg :	0.359s
../images//2470599150_2abb09fa32_o.jpg :	0.405s
../images//3866798071_e33ebebe27_o.jpg :	0.492s
../images//2470598902_b59927268b_o.jpg :	0.395s
../images//2975359739_2357d327f4_o.jpg :	0.22s
../images//1964011233_c115ea16ff_o.jpg :	0.371s
../images//2976068012_3e019e884e_o.jpg :	0.254s
../images//110951937_7b947a06d0_o.jpg :	0.279s
../images//2834966649_5d4f0842c0_o.jpg :	0.362s
../images//3545868103_b7ef812ce8_o.jpg :	0.371s
../images//2447676716_61ab6f3794_o.jpg :	0.468s
../images//2983962968_160d868a3b_o.jpg :	0.261s
../images//3867547666_69b3997e34_o.jpg :	0.429s
../images//1965192854_6cab8ede4a_o.jpg :	0.386s
../images//306699327_23c5a600eb_o.jpg :	0.292s
../images//110950992_da765eb7b6_o.jpg :	0.256s
../images//2100370073_fc790a1d4b_o.jpg :	0.382s
../images//3771606782_8d3602947b_o.jpg :	0.353s
../images//773097609_7325233fd3_o.jpg :	0.372s
../images//832528620_56df90e396_o.jpg :	0.297s
../images//2975362329_dc8f345d41_o.jpg :	0.31s
../images//2962201830_bde9ac8204_o.jpg :	0.285s
../images//3867580608_2dfc815a61_o.jpg :	0.503s
../images//2972727992_97b93619d3_o.jpg :	0.315s
../images//3866761265_6cb3f92658_o.jpg :	0.53s
../images//3210265390_1aee9c7eb8_o.jpg :	0.326s
../images//2469777583_95ff12288a_o.jpg :	0.4s
../images//110949809_ecb0f4e374_o.jpg :	0.331s
../images//1886182177_f4c35966a6_o.jpg :	0.386s
../images//2976134718_16df2f6dc4_o.jpg :	0.258s
../images//3771614980_565946e550_o.jpg :	0.345s
../images//1886234981_9b2898bcf7_o.jpg :	0.286s
../images//3867604686_1279b2d53e_o.jpg :	0.462s
../images//1886225835_9ffa36089d_o.jpg :	0.275s
../images//832518282_a5d49b3113_o.jpg :	0.252s
../images//1887060420_24239d0a9c_o.jpg :	0.273s
../images//2976145748_64b208e089_o.jpg :	0.275s
../images//831652699_da9e4e372f_o.jpg :	0.258s
../images//1806499536_1d53e8806f_o.jpg :	0.284s
../images//2974968578_5daf69e31a_o.jpg :	0.337s
../images//3681555048_7129e13b87_o.jpg :	0.319s
../images//2976061126_928ffe346c_o.jpg :	0.237s
../images//1964919636_aab3a8eebf_o.jpg :	0.285s
../images//2354543681_97b7aef3a9_o.jpg :	0.308s
../images//2962191120_a47ecf6204_o.jpg :	0.253s
../images//2420590076_50ca4fe1f7_o.jpg :	0.297s
../images//1965210600_8b7ec3b2b8_o.jpg :	0.26s
../images//2976219534_ebf5ebba0e_o.jpg :	0.236s
../images//4028185363_351c6d44bf_o.jpg :	0.341s
../images//1709594139_1e929f13e1_o.jpg :	0.341s
../images//2976053554_f55c210f37_o.jpg :	0.233s
../images//2975338297_fbe6765c92_o.jpg :	0.23s
../images//3723612224_84a3351bdc_o.jpg :	0.344s
../images//1810847218_c2b1c975bf_o.jpg :	0.317s
../images//2976034608_ab8a1f751c_o.jpg :	0.196s
../images//1886200663_cc5debf380_o.jpg :	0.452s
../images//1887171640_782b7b6258_o.jpg :	0.297s
../images//3209366717_ff8fb06f2a_o.jpg :	0.332s
../images//831654721_ec13e70490_o.jpg :	0.295s
../images//3771610844_820b3e4401_o.jpg :	0.367s
../images//3570916046_4eecdbcf3f_o.jpg :	0.353s
../images//2976148440_0ca7fa4c90_o.jpg :	0.25s
../images//2976070490_67e5ebd2ec_o.jpg :	0.262s
../images//3006205088_b80e6bd23d_o.jpg :	0.346s
../images//2910141604_981ac0759e_o.jpg :	0.496s
../images//2361029473_89e18814ee_o.jpg :	0.308s
../images//3551618586_fd08fa4660_o.jpg :	0.32s
../images//3176593652_4ea1cbb7d5_o.jpg :	0.332s
../images//1887034788_c96955f434_o.jpg :	0.413s
../images//2976079104_c8cdf26d1d_o.jpg :	0.314s
../images//3206974211_3c6b891529_o.jpg :	0.364s
../images//2975354731_926b8f124a_o.jpg :	0.279s
../images//1805644819_eefd2563c3_o.jpg :	0.297s
../images//2975295407_b0f2319e06_o.jpg :	0.262s
../images//3552780390_53cc7b8f1c_o.jpg :	0.423s
../images//2643866580_14e2d96f9d_o.jpg :	0.598s
../images//2656192315_3c3ba59a21_o.jpg :	0.454s
../images//490104115_ac3ac861c7_o.jpg :	0.361s
../images//3807686341_4f9daa96fb_o.jpg :	0.383s
../images//2976234652_e28c9f4b58_o.jpg :	0.249s
../images//2975285697_18c2afb562_o.jpg :	0.269s
../images//2972740776_be87353cd6_o.jpg :	0.272s
../images//2975184687_3ecb197645_o.jpg :	0.29s
../images//2656155039_a33c886b7f_o.jpg :	0.545s
../images//831656961_1145391246_o.jpg :	0.312s
../images//1672470141_36bc965404_o.jpg :	0.303s
../images//2966106781_aa72c9b856_o.jpg :	0.279s
../images//3199418451_cc17f5625a_o.jpg :	0.384s
../images//3787438845_b233d08a86_o.jpg :	0.251s
../images//3050826049_9e9b171cb9_o.jpg :	0.294s
../images//1965142934_70585bed5a_o.jpg :	0.401s
../images//1710260862_1b27830e17_o.jpg :	0.303s
../images//1710260844_8fd3285e9b_o.jpg :	0.324s
../images//2983955696_358a2eab29_o.jpg :	0.257s
../images//3015358876_392aefb7ff_o.jpg :	0.431s
../images//4028184665_579cb9f6fa_o.jpg :	0.364s
../images//1964324349_5c4e77879a_o.jpg :	0.483s
../images//2975181601_eb198c4d34_o.jpg :	0.237s
../images//2976074272_5be503e9a4_o.jpg :	0.416s
../images//3005362315_fab0e4ae99_o.jpg :	0.333s
../images//1886267247_c9eecd861b_o.jpg :	0.49s
../images//1886190575_64af5add43_o.jpg :	0.299s
../images//2975327113_1624a2fc5a_o.jpg :	0.213s
../images//1965177184_ccae3095eb_o.jpg :	0.453s
../images//1886243483_c54064fa89_o.jpg :	0.326s
../images//1964399417_6478389cca_o.jpg :	0.456s
../images//2423011165_f8e7acf0a7_o.jpg :	0.441s
../images//2975277669_fcd8f93ce8_o.jpg :	0.269s
../images//1964853492_3c879716f2_o.jpg :	0.248s
../images//1965070326_af19ae41e0_o.jpg :	0.394s
../images//490078618_558e7f9823_o.jpg :	0.32s
../images//1709880070_589b226156_o.jpg :	0.28s
../images//1965039174_67eda32971_o.jpg :	0.447s
../images//3179555261_3fee8f095e_o.jpg :	0.304s
../images//306700279_651d9f80d9_o.jpg :	0.307s
../images//3180396292_f05275bb5b_o.jpg :	0.252s
../images//2975283291_4b94838bb2_o.jpg :	0.241s
../images//2976072248_9c872f571c_o.jpg :	0.32s
../images//3820463027_e919f41d7b_o.jpg :	0.326s
../images//2974995106_764e537b12_o.jpg :	0.375s
../images//1887128336_f70e4c2a74_o.jpg :	0.343s
../images//2983954454_7b1f04308c_o.jpg :	0.277s
../images//468301504_31609c3711_o.jpg :	0.48s
../images//2975335001_75c1ecbb12_o.jpg :	0.223s
../images//2976162852_29821d0cb4_o.jpg :	0.217s
../images//4268878579_4142dc2bcc_o.jpg :	0.333s
../images//3545866145_e7670820b7_o.jpg :	0.356s
../images//1965093572_ee392efca6_o.jpg :	0.418s
../images//3770818553_53369704a3_o.jpg :	0.347s
../images//2971860743_2ef9dc6a15_o.jpg :	0.301s
../images//1710260776_e0dcfdb629_o.jpg :	0.307s
../images//3970614861_9edf032a1f_o.jpg :	0.425s
../images//3015359634_4b6b3a4d2d_o.jpg :	0.322s
../images//1887036916_9080d241f3_o.jpg :	0.357s
../images//3793784644_ac2deac991_o.jpg :	0.333s
../images//1709880156_abfaaf1fa5_o.jpg :	0.296s
../images//2952267498_45487280bc_o.jpg :	0.3s
../images//2819547772_0800b1e912_o.jpg :	0.324s
../images//3406083929_ee02dcbfa9_o.jpg :	0.363s
../images//3551428606_8dd65aab30_o.jpg :	0.242s
../images//4028183567_549715f776_o.jpg :	0.391s
../images//2975302867_ef4e91f09b_o.jpg :	0.208s
../images//3681557686_16a2718b90_o.jpg :	0.412s
../images//2741018812_5748af7e93_o.jpg :	0.458s
../images//2974378698_20cc0652bd_o.jpg :	0.287s
../images//2983950538_b1d6eefc2c_o.jpg :	0.358s
../images//3820458221_b94c2ffac2_o.jpg :	0.378s
../images//692328243_08fa6c8b12_o.jpg :	0.341s
../images//2975210607_8054b112f2_o.jpg :	0.428s
../images//1673804459_aa6c0cb2d2_o.jpg :	0.313s
../images//3179553559_e92bfc1f7a_o.jpg :	0.336s
../images//3796006927_4a03d05c11_o.jpg :	0.427s
../images//2963451097_1861f6152e_o.jpg :	0.32s
../images//3680741671_c4a379bd40_o.jpg :	0.398s
../images//2818561377_91ca205d71_o.jpg :	0.352s
../images//3820454189_cb8709f82c_o.jpg :	0.362s
../images//1963993647_147551c9dd_o.jpg :	0.466s
../images//3179453588_bbe99f14d1_o.jpg :	0.295s
../images//2975171009_2b0f84859a_o.jpg :	0.258s
../images//1804434911_6b7802379d_o.jpg :	0.264s
../images//3001006924_fc856095d2_o.jpg :	0.379s
../images//2976173810_8239af0997_o.jpg :	0.21s
../images//2974382530_185e3b0c67_o.jpg :	0.273s
../images//3120440397_02de2101a4_o.jpg :	0.333s
../images//3180388212_66386b80b1_o.jpg :	0.327s
../images//2983102833_2aa7450b40_o.jpg :	0.307s
../images//3206971245_72fff1d648_o.jpg :	0.3s
../images//2169815470_f2cacf55aa_o.jpg :	0.323s
../images//490093094_aa64831544_o.jpg :	0.362s
../images//3920193309_e416cbbd5a_o.jpg :	0.32s
../images//3051688930_b1957b2168_o.jpg :	0.355s
../images//1709594117_18cac53f24_o.jpg :	0.296s
../images//1709880096_4e195c8769_o.jpg :	0.301s
../images//4269608322_b75b10bb73_o.jpg :	0.315s
../images//2975321863_ae8e2f8bc9_o.jpg :	0.209s
../images//3820460567_c6c1fe95ef_o.jpg :	0.381s
../images//3314284958_821d3b3e21_o.jpg :	0.555s
../images//1709594191_116f0131d9_o.jpg :	0.36s
../images//1886194457_b19eb5fef6_o.jpg :	0.368s
../images//3051705126_09ff45611d_o.jpg :	0.373s
../images//4012003827_52c3593a97_o.jpg :	0.303s
../images//1965185944_d27706a6b7_o.jpg :	0.4s
../images//2400524981_57b38d241e_o.jpg :	0.324s
../images//3050858661_892861e757_o.jpg :	0.409s
../images//3178617133_c55b3f47cd_o.jpg :	0.289s
../images//2975305745_8665bc226f_o.jpg :	0.257s
../images//1674929186_6996be84ee_o.jpg :	0.375s
../images//2983951904_e2211d3816_o.jpg :	0.344s
../images//2976167880_a0bc26b906_o.jpg :	0.249s
../images//3920476243_428e7a8c8d_o.jpg :	0.331s
../images//2818561395_750f393c02_o.jpg :	0.375s
../images//3051673016_e54545d0bf_o.jpg :	0.35s
../images//3050842585_3ed7474e8e_o.jpg :	0.358s
../images//3802730695_b98b0ca13f_o.jpg :	0.27s
../images//3180398686_4067cc35d8_o.jpg :	0.34s
../images//3920176789_59d64b261b_o.jpg :	0.282s
../images//3820465151_046eff7b7f_o.jpg :	0.464s
../images//3180394352_3a3f841188_o.jpg :	0.356s
../images//3180383678_f6b731cb33_o.jpg :	0.379s
../images//2756211989_ef98250632_o.jpg :	0.345s
../images//3921266760_34559ddbe1_o.jpg :	0.331s
../images//1887032162_7dfb982e33_o.jpg :	0.365s
../images//2983101249_d48e51d0ab_o.jpg :	0.295s
../images//4014677759_36ca777f52_o.jpg :	0.3s
../images//3920478877_83ffaa2c15_o.jpg :	0.309s
../images//3180385962_5faa0b0d9c_o.jpg :	0.293s
../images//2983961210_b6f5c4c0c5_o.jpg :	0.3s
../images//1710260896_81e90a1cac_o.jpg :	0.309s
../images//1965218104_083395f2a2_o.jpg :	0.282s
../images//2797405208_a832f493da_o.jpg :	0.355s
../images//3792970421_3fdac101af_o.jpg :	0.415s
../images//3178617835_9a116c2995_o.jpg :	0.319s
../images//3178617443_55e98538ca_o.jpg :	0.327s
../images//3920159783_864db444a4_o.jpg :	0.293s
../images//3207823698_5b40cf5d98_o.jpg :	0.359s
../images//3920968608_e965e3ba49_o.jpg :	0.323s
../images//1709880118_26fab4b3d6_o.jpg :	0.319s
../images//2966107061_d68a7fd290_o.jpg :	0.342s
../images//2968066344_2f40c20f6c_o.jpg :	0.367s
../images//3920948326_b505300178_o.jpg :	0.315s
../images//3920189827_8cdd2840a8_o.jpg :	0.294s
../images//4014677745_e1c32864a3_o.jpg :	0.338s
../images//3179453904_d513046c6c_o.jpg :	0.321s
../images//4012003841_45b3c4cb15_o.jpg :	0.397s
../images//1709594017_689c419f9f_o.jpg :	0.343s
../images//4012003821_712ee20603_o.jpg :	0.331s
../images//1709751481_a07643997e_o.jpg :	0.354s
../images//1709880016_85a0c6ddca_o.jpg :	0.307s
../images//1709594095_660bbd31dc_o.jpg :	0.346s
../images//2975309537_b9c66573f4_o.jpg :	0.268s
../images//3920170055_901a689cd2_o.jpg :	0.288s
../images//2975315651_0b4eaffa42_o.jpg :	0.273s
../images//3178615783_77de28bd5f_o.jpg :	0.298s
../images//3920965284_14488a57fa_o.jpg :	0.3s
../images//3920166583_a39457c5b5_o.jpg :	0.304s
../images//3920173541_fc8d6dc043_o.jpg :	0.298s
../images//1804437499_4e206dde78_o.jpg :	0.285s
../images//3920484301_2b44f89738_o.jpg :	0.303s
../images//2169822834_58f1f5254c_o.jpg :	0.433s
../images//3179455898_cbe9704ec9_o.jpg :	0.308s
../images//3920186593_3d3a447b35_o.jpg :	0.333s
../images//4014677753_12fca8e022_o.jpg :	0.355s
../images//3133618993_b7f86fb0bd_o.jpg :	0.449s
../images//2169025347_caaca5cfbe_o.jpg :	0.358s
../images//2169056509_1d51612ed0_o.jpg :	0.423s
../images//1709879970_b7b0cadc1c_o.jpg :	0.329s
../images//3178618117_9fbd6c9ebd_o.jpg :	0.332s
../images//1709594051_9539258728_o.jpg :	0.294s
../images//3406082115_954f9f42aa_o.jpg :	0.37s
../images//3179454232_3e1d89f485_o.jpg :	0.332s
../images//2792559487_12dc56c350_o.jpg :	0.459s
../images//1710260910_1aaab80c79_o.jpg :	0.341s
../images//3793783588_37730ed071_o.jpg :	0.349s
../images//2793378580_a2ff7a24a1_o.jpg :	0.329s
../images//2793403014_4ef76b59e2_o.jpg :	0.377s
../images//2975240241_123bea358e_o.jpg :	0.256s
../images//3179456178_1186dd4535_o.jpg :	0.321s
../images//3275436017_76527bc112_o.jpg :	0.314s
../images//2842098071_63f7791c00_o.jpg :	0.455s
../images//2976241258_4a552493fc_o.jpg :	0.326s
../images//2293433410_4801b17a0e_o.jpg :	0.302s
../images//3793787916_a0f77eb7ba_o.jpg :	0.724s
../images//2976107638_9faa47992e_o.jpg :	0.33s
../images//481720362_03d93c05c2_o.jpg :	0.262s
../images//2976091076_869c57e964_o.jpg :	0.408s
../images//2975263759_efceaed510_o.jpg :	0.3s
../images//2976113152_d35cef2904_o.jpg :	0.315s
../images//2975269529_d1a04ef959_o.jpg :	0.264s
../images//480485878_f5afb04d9a_o.jpg :	0.333s
../images//2975260943_95622a6edb_o.jpg :	0.291s
../images//2976128264_90eb728c9d_o.jpg :	0.286s
../images//2975249307_c9f7cc0135_o.jpg :	0.282s
../images//2975255269_627eaa1605_o.jpg :	0.301s
../images//2975341575_54469e311c_o.jpg :	0.297s
../images//2975276015_265602e9b1_o.jpg :	0.331s
../images//2975344583_104f6447f3_o.jpg :	0.268s
../images//2976101486_7c1a84674c_o.jpg :	0.291s
../images//2975266813_f301f37eb3_o.jpg :	0.258s
../images//3363084963_efb743529a_o.jpg :	0.373s
../images//2792539161_aa505f0fb2_o.jpg :	0.364s
../images//2976098392_a8e0da1688_o.jpg :	0.303s
../images//2292642463_97b07e8c27_o.jpg :	0.383s
../images//76222988_85ed2627e9_o.jpg :	0.358s
../images//2293395456_f1e3172351_o.jpg :	0.394s
../images//3941336033_eecc8c9bbf_o.jpg :	0.348s
../images//436108294_98635b4cd9_o.jpg :	0.531s
../images//3180381668_3d3493d165_o.jpg :	0.51s
../images//2968147914_19feac754d_o.jpg :	0.6s
../images//3180344812_db8bd7df29_o.jpg :	0.513s
